part_number,brand,local_path,object_key,upload_mode,upload_status,public_url,size_kb,error
033588.17,Honeywell,D:\BIRETOS\projects\biretos-automation\downloads\photos_enhanced\033588.17__catalog_placeholder_v1__1fba507e.jpg,products/honeywell/033588.17.jpg,dry_run,ok,https://dry-run-bucket.example.com/products/honeywell/033588.17.jpg,126,
1006186,Honeywell,D:\BIRETOS\projects\biretos-automation\downloads\photos_enhanced\1006186__catalog_placeholder_v1__c8aff4f0.jpg,products/honeywell/1006186.jpg,dry_run,ok,https://dry-run-bucket.example.com/products/honeywell/1006186.jpg,135,
1006187,Honeywell,D:\BIRETOS\projects\biretos-automation\downloads\photos_enhanced\1006187__catalog_placeholder_v1__f5bb3d50.jpg,products/honeywell/1006187.jpg,dry_run,ok,https://dry-run-bucket.example.com/products/honeywell/1006187.jpg,244,
1011994,Honeywell,D:\BIRETOS\projects\biretos-automation\downloads\photos_enhanced\1011994__catalog_placeholder_v1__b86fa0e7.jpg,products/honeywell/1011994.jpg,dry_run,ok,https://dry-run-bucket.example.com/products/honeywell/1011994.jpg,136,
1012539,Honeywell,D:\BIRETOS\projects\biretos-automation\downloads\photos_enhanced\1012539__catalog_placeholder_v1__80632546.jpg,products/honeywell/1012539.jpg,dry_run,ok,https://dry-run-bucket.example.com/products/honeywell/1012539.jpg,163,
1012541,Honeywell,D:\BIRETOS\projects\biretos-automation\downloads\photos_enhanced\1012541__catalog_placeholder_v1__637ca5ff.jpg,products/honeywell/1012541.jpg,dry_run,ok,https://dry-run-bucket.example.com/products/honeywell/1012541.jpg,122,
1015021,Honeywell,D:\BIRETOS\projects\biretos-automation\downloads\photos_enhanced\1015021__catalog_placeholder_v1__324da367.jpg,products/honeywell/1015021.jpg,dry_run,ok,https://dry-run-bucket.example.com/products/honeywell/1015021.jpg,119,
1061200000,Honeywell,D:\BIRETOS\projects\biretos-automation\downloads\photos_enhanced\1061200000__catalog_placeholder_v1__acf51c89.jpg,products/honeywell/1061200000.jpg,dry_run,ok,https://dry-run-bucket.example.com/products/honeywell/1061200000.jpg,222,
129464N_U,Honeywell,D:\BIRETOS\projects\biretos-automation\downloads\photos_enhanced\129464N_U__catalog_placeholder_v1__bfe962be.jpg,products/honeywell/129464N_U.jpg,dry_run,ok,https://dry-run-bucket.example.com/products/honeywell/129464N_U.jpg,105,
129625-L3,Honeywell,D:\BIRETOS\projects\biretos-automation\downloads\photos_enhanced\129625-L3__catalog_placeholder_v1__8f0394a3.jpg,products/honeywell/129625-L3.jpg,dry_run,ok,https://dry-run-bucket.example.com/products/honeywell/129625-L3.jpg,98,
153711,Honeywell,D:\BIRETOS\projects\biretos-automation\downloads\photos_enhanced\153711__catalog_placeholder_v1__3263ab4b.jpg,products/honeywell/153711.jpg,dry_run,ok,https://dry-run-bucket.example.com/products/honeywell/153711.jpg,115,
155111,Honeywell,D:\BIRETOS\projects\biretos-automation\downloads\photos_enhanced\155111__catalog_placeholder_v1__236b977b.jpg,products/honeywell/155111.jpg,dry_run,ok,https://dry-run-bucket.example.com/products/honeywell/155111.jpg,261,
157413,Honeywell,D:\BIRETOS\projects\biretos-automation\downloads\photos_enhanced\157413__catalog_placeholder_v1__15b90355.jpg,products/honeywell/157413.jpg,dry_run,ok,https://dry-run-bucket.example.com/products/honeywell/157413.jpg,260,
158811,Honeywell,D:\BIRETOS\projects\biretos-automation\downloads\photos_enhanced\158811__catalog_placeholder_v1__2ab65bfd.jpg,products/honeywell/158811.jpg,dry_run,ok,https://dry-run-bucket.example.com/products/honeywell/158811.jpg,261,
162211,Honeywell,D:\BIRETOS\projects\biretos-automation\downloads\photos_enhanced\162211__catalog_placeholder_v1__fd1b4d88.jpg,products/honeywell/162211.jpg,dry_run,ok,https://dry-run-bucket.example.com/products/honeywell/162211.jpg,138,
1631930000,Honeywell,D:\BIRETOS\projects\biretos-automation\downloads\photos_enhanced\1631930000__catalog_placeholder_v1__beb70458.jpg,products/honeywell/1631930000.jpg,dry_run,ok,https://dry-run-bucket.example.com/products/honeywell/1631930000.jpg,119,
171111,Honeywell,D:\BIRETOS\projects\biretos-automation\downloads\photos_enhanced\171111__catalog_placeholder_v1__1da5dc0b.jpg,products/honeywell/171111.jpg,dry_run,ok,https://dry-run-bucket.example.com/products/honeywell/171111.jpg,221,
171411,Honeywell,D:\BIRETOS\projects\biretos-automation\downloads\photos_enhanced\171411__catalog_placeholder_v1__b1561d05.jpg,products/honeywell/171411.jpg,dry_run,ok,https://dry-run-bucket.example.com/products/honeywell/171411.jpg,84,
174111,Honeywell,D:\BIRETOS\projects\biretos-automation\downloads\photos_enhanced\174111__catalog_placeholder_v1__748f6411.jpg,products/honeywell/174111.jpg,dry_run,ok,https://dry-run-bucket.example.com/products/honeywell/174111.jpg,198,
174411,Honeywell,D:\BIRETOS\projects\biretos-automation\downloads\photos_enhanced\174411__catalog_placeholder_v1__0d1e32c6.jpg,products/honeywell/174411.jpg,dry_run,ok,https://dry-run-bucket.example.com/products/honeywell/174411.jpg,92,
174813,Honeywell,D:\BIRETOS\projects\biretos-automation\downloads\photos_enhanced\174813__catalog_placeholder_v1__e88cc048.jpg,products/honeywell/174813.jpg,dry_run,ok,https://dry-run-bucket.example.com/products/honeywell/174813.jpg,219,
179433,Honeywell,D:\BIRETOS\projects\biretos-automation\downloads\photos_enhanced\179433__catalog_placeholder_v1__b87f2296.jpg,products/honeywell/179433.jpg,dry_run,ok,https://dry-run-bucket.example.com/products/honeywell/179433.jpg,146,
179951,Honeywell,D:\BIRETOS\projects\biretos-automation\downloads\photos_enhanced\179951__catalog_placeholder_v1__bc31d2f5.jpg,products/honeywell/179951.jpg,dry_run,ok,https://dry-run-bucket.example.com/products/honeywell/179951.jpg,363,
183791,Honeywell,D:\BIRETOS\projects\biretos-automation\downloads\photos_enhanced\183791__catalog_placeholder_v1__a483b4bd.jpg,products/honeywell/183791.jpg,dry_run,ok,https://dry-run-bucket.example.com/products/honeywell/183791.jpg,270,
184791,Honeywell,D:\BIRETOS\projects\biretos-automation\downloads\photos_enhanced\184791__catalog_placeholder_v1__22b13c47.jpg,products/honeywell/184791.jpg,dry_run,ok,https://dry-run-bucket.example.com/products/honeywell/184791.jpg,333,
185091,Honeywell,D:\BIRETOS\projects\biretos-automation\downloads\photos_enhanced\185091__catalog_placeholder_v1__1af66c97.jpg,products/honeywell/185091.jpg,dry_run,ok,https://dry-run-bucket.example.com/products/honeywell/185091.jpg,165,
185191,Honeywell,D:\BIRETOS\projects\biretos-automation\downloads\photos_enhanced\185191__catalog_placeholder_v1__8db934c2.jpg,products/honeywell/185191.jpg,dry_run,ok,https://dry-run-bucket.example.com/products/honeywell/185191.jpg,103,
185491,Honeywell,D:\BIRETOS\projects\biretos-automation\downloads\photos_enhanced\185491__catalog_placeholder_v1__b5de7d8b.jpg,products/honeywell/185491.jpg,dry_run,ok,https://dry-run-bucket.example.com/products/honeywell/185491.jpg,154,
185891,Honeywell,D:\BIRETOS\projects\biretos-automation\downloads\photos_enhanced\185891__catalog_placeholder_v1__325bd2f6.jpg,products/honeywell/185891.jpg,dry_run,ok,https://dry-run-bucket.example.com/products/honeywell/185891.jpg,61,
187091,Honeywell,D:\BIRETOS\projects\biretos-automation\downloads\photos_enhanced\187091__catalog_placeholder_v1__b4613595.jpg,products/honeywell/187091.jpg,dry_run,ok,https://dry-run-bucket.example.com/products/honeywell/187091.jpg,194,
187591,Honeywell,D:\BIRETOS\projects\biretos-automation\downloads\photos_enhanced\187591__catalog_placeholder_v1__99657287.jpg,products/honeywell/187591.jpg,dry_run,ok,https://dry-run-bucket.example.com/products/honeywell/187591.jpg,124,
188091,Honeywell,D:\BIRETOS\projects\biretos-automation\downloads\photos_enhanced\188091__catalog_placeholder_v1__73e6aa84.jpg,products/honeywell/188091.jpg,dry_run,ok,https://dry-run-bucket.example.com/products/honeywell/188091.jpg,129,
189091,Honeywell,D:\BIRETOS\projects\biretos-automation\downloads\photos_enhanced\189091__catalog_placeholder_v1__333c8912.jpg,products/honeywell/189091.jpg,dry_run,ok,https://dry-run-bucket.example.com/products/honeywell/189091.jpg,105,
189291,Honeywell,D:\BIRETOS\projects\biretos-automation\downloads\photos_enhanced\189291__catalog_placeholder_v1__406a4b7c.jpg,products/honeywell/189291.jpg,dry_run,ok,https://dry-run-bucket.example.com/products/honeywell/189291.jpg,80,
189791,Honeywell,D:\BIRETOS\projects\biretos-automation\downloads\photos_enhanced\189791__catalog_placeholder_v1__2567fe10.jpg,products/honeywell/189791.jpg,dry_run,ok,https://dry-run-bucket.example.com/products/honeywell/189791.jpg,62,
190191,Honeywell,D:\BIRETOS\projects\biretos-automation\downloads\photos_enhanced\190191__catalog_placeholder_v1__9ae0b32c.jpg,products/honeywell/190191.jpg,dry_run,ok,https://dry-run-bucket.example.com/products/honeywell/190191.jpg,105,
190511,Honeywell,D:\BIRETOS\projects\biretos-automation\downloads\photos_enhanced\190511__catalog_placeholder_v1__01293cf0.jpg,products/honeywell/190511.jpg,dry_run,ok,https://dry-run-bucket.example.com/products/honeywell/190511.jpg,405,
190891,Honeywell,D:\BIRETOS\projects\biretos-automation\downloads\photos_enhanced\190891__catalog_placeholder_v1__71c53709.jpg,products/honeywell/190891.jpg,dry_run,ok,https://dry-run-bucket.example.com/products/honeywell/190891.jpg,162,
190991,Honeywell,D:\BIRETOS\projects\biretos-automation\downloads\photos_enhanced\190991__catalog_placeholder_v1__926a6cb3.jpg,products/honeywell/190991.jpg,dry_run,ok,https://dry-run-bucket.example.com/products/honeywell/190991.jpg,103,
191091,Honeywell,D:\BIRETOS\projects\biretos-automation\downloads\photos_enhanced\191091__catalog_placeholder_v1__f816415e.jpg,products/honeywell/191091.jpg,dry_run,ok,https://dry-run-bucket.example.com/products/honeywell/191091.jpg,63,
191191,Honeywell,D:\BIRETOS\projects\biretos-automation\downloads\photos_enhanced\191191__catalog_placeholder_v1__53defebe.jpg,products/honeywell/191191.jpg,dry_run,ok,https://dry-run-bucket.example.com/products/honeywell/191191.jpg,91,
191591,Honeywell,D:\BIRETOS\projects\biretos-automation\downloads\photos_enhanced\191591__catalog_placeholder_v1__325bd2f6.jpg,products/honeywell/191591.jpg,dry_run,ok,https://dry-run-bucket.example.com/products/honeywell/191591.jpg,61,
191791,Honeywell,D:\BIRETOS\projects\biretos-automation\downloads\photos_enhanced\191791__catalog_placeholder_v1__729d85e1.jpg,products/honeywell/191791.jpg,dry_run,ok,https://dry-run-bucket.example.com/products/honeywell/191791.jpg,73,
193111,Honeywell,D:\BIRETOS\projects\biretos-automation\downloads\photos_enhanced\193111__catalog_placeholder_v1__02ad6cf3.jpg,products/honeywell/193111.jpg,dry_run,ok,https://dry-run-bucket.example.com/products/honeywell/193111.jpg,296,
203-183-420,Honeywell,D:\BIRETOS\projects\biretos-automation\downloads\photos_enhanced\203-183-420__catalog_placeholder_v1__3da2a904.jpg,products/honeywell/203-183-420.jpg,dry_run,ok,https://dry-run-bucket.example.com/products/honeywell/203-183-420.jpg,167,
20511,Honeywell,D:\BIRETOS\projects\biretos-automation\downloads\photos_enhanced\20511__catalog_placeholder_v1__de32dbab.jpg,products/honeywell/20511.jpg,dry_run,ok,https://dry-run-bucket.example.com/products/honeywell/20511.jpg,175,
210213,Honeywell,D:\BIRETOS\projects\biretos-automation\downloads\photos_enhanced\210213__catalog_placeholder_v1__58f5dea5.jpg,products/honeywell/210213.jpg,dry_run,ok,https://dry-run-bucket.example.com/products/honeywell/210213.jpg,116,
2208WFPT,Honeywell,D:\BIRETOS\projects\biretos-automation\downloads\photos_enhanced\2208WFPT__catalog_placeholder_v1__3401537a.jpg,products/honeywell/2208WFPT.jpg,dry_run,ok,https://dry-run-bucket.example.com/products/honeywell/2208WFPT.jpg,304,
22811,Honeywell,D:\BIRETOS\projects\biretos-automation\downloads\photos_enhanced\22811__catalog_placeholder_v1__3d3a9416.jpg,products/honeywell/22811.jpg,dry_run,ok,https://dry-run-bucket.example.com/products/honeywell/22811.jpg,123,
23511,Honeywell,D:\BIRETOS\projects\biretos-automation\downloads\photos_enhanced\23511__catalog_placeholder_v1__bc3df16c.jpg,products/honeywell/23511.jpg,dry_run,ok,https://dry-run-bucket.example.com/products/honeywell/23511.jpg,147,
239053,Honeywell,D:\BIRETOS\projects\biretos-automation\downloads\photos_enhanced\239053__catalog_placeholder_v1__e9e433f5.jpg,products/honeywell/239053.jpg,dry_run,ok,https://dry-run-bucket.example.com/products/honeywell/239053.jpg,112,
240W,Honeywell,D:\BIRETOS\projects\biretos-automation\downloads\photos_enhanced\240W__catalog_placeholder_v1__768417a0.jpg,products/honeywell/240W.jpg,dry_run,ok,https://dry-run-bucket.example.com/products/honeywell/240W.jpg,199,
27711,Honeywell,D:\BIRETOS\projects\biretos-automation\downloads\photos_enhanced\27711__catalog_placeholder_v1__72de683f.jpg,products/honeywell/27711.jpg,dry_run,ok,https://dry-run-bucket.example.com/products/honeywell/27711.jpg,112,
280869341,Honeywell,D:\BIRETOS\projects\biretos-automation\downloads\photos_enhanced\280869341__catalog_placeholder_v1__d3a88eac.jpg,products/honeywell/280869341.jpg,dry_run,ok,https://dry-run-bucket.example.com/products/honeywell/280869341.jpg,78,
280870645,Honeywell,D:\BIRETOS\projects\biretos-automation\downloads\photos_enhanced\280870645__catalog_placeholder_v1__e210b4db.jpg,products/honeywell/280870645.jpg,dry_run,ok,https://dry-run-bucket.example.com/products/honeywell/280870645.jpg,130,
29011,Honeywell,D:\BIRETOS\projects\biretos-automation\downloads\photos_enhanced\29011__catalog_placeholder_v1__72de683f.jpg,products/honeywell/29011.jpg,dry_run,ok,https://dry-run-bucket.example.com/products/honeywell/29011.jpg,112,
29313,Honeywell,D:\BIRETOS\projects\biretos-automation\downloads\photos_enhanced\29313__catalog_placeholder_v1__3555a2c0.jpg,products/honeywell/29313.jpg,dry_run,ok,https://dry-run-bucket.example.com/products/honeywell/29313.jpg,220,
2CDG110146R0011,Honeywell,D:\BIRETOS\projects\biretos-automation\downloads\photos_enhanced\2CDG110146R0011__catalog_placeholder_v1__b0a03874.jpg,products/honeywell/2CDG110146R0011.jpg,dry_run,ok,https://dry-run-bucket.example.com/products/honeywell/2CDG110146R0011.jpg,168,
2CDG110177R0011,Honeywell,D:\BIRETOS\projects\biretos-automation\downloads\photos_enhanced\2CDG110177R0011__catalog_placeholder_v1__78a02132.jpg,products/honeywell/2CDG110177R0011.jpg,dry_run,ok,https://dry-run-bucket.example.com/products/honeywell/2CDG110177R0011.jpg,115,
304L,Honeywell,D:\BIRETOS\projects\biretos-automation\downloads\photos_enhanced\304L__catalog_placeholder_v1__a99362e7.jpg,products/honeywell/304L.jpg,dry_run,ok,https://dry-run-bucket.example.com/products/honeywell/304L.jpg,160,
309811,Honeywell,D:\BIRETOS\projects\biretos-automation\downloads\photos_enhanced\309811__catalog_placeholder_v1__d51f98eb.jpg,products/honeywell/309811.jpg,dry_run,ok,https://dry-run-bucket.example.com/products/honeywell/309811.jpg,260,
311513,Honeywell,D:\BIRETOS\projects\biretos-automation\downloads\photos_enhanced\311513__catalog_placeholder_v1__819203f9.jpg,products/honeywell/311513.jpg,dry_run,ok,https://dry-run-bucket.example.com/products/honeywell/311513.jpg,296,
3240197-RU,Honeywell,D:\BIRETOS\projects\biretos-automation\downloads\photos_enhanced\3240197-RU__catalog_placeholder_v1__6f316e78.jpg,products/honeywell/3240197-RU.jpg,dry_run,ok,https://dry-run-bucket.example.com/products/honeywell/3240197-RU.jpg,115,
3240348,Honeywell,D:\BIRETOS\projects\biretos-automation\downloads\photos_enhanced\3240348__catalog_placeholder_v1__ccadc1ad.jpg,products/honeywell/3240348.jpg,dry_run,ok,https://dry-run-bucket.example.com/products/honeywell/3240348.jpg,230,
3240357,Honeywell,D:\BIRETOS\projects\biretos-automation\downloads\photos_enhanced\3240357__catalog_placeholder_v1__66cd63b1.jpg,products/honeywell/3240357.jpg,dry_run,ok,https://dry-run-bucket.example.com/products/honeywell/3240357.jpg,208,
336011,Honeywell,D:\BIRETOS\projects\biretos-automation\downloads\photos_enhanced\336011__catalog_placeholder_v1__95d4b363.jpg,products/honeywell/336011.jpg,dry_run,ok,https://dry-run-bucket.example.com/products/honeywell/336011.jpg,56,
35111,Honeywell,D:\BIRETOS\projects\biretos-automation\downloads\photos_enhanced\35111__catalog_placeholder_v1__39fe20b7.jpg,products/honeywell/35111.jpg,dry_run,ok,https://dry-run-bucket.example.com/products/honeywell/35111.jpg,114,
36022-RU,Honeywell,D:\BIRETOS\projects\biretos-automation\downloads\photos_enhanced\36022-RU__catalog_placeholder_v1__57fa615c.jpg,products/honeywell/36022-RU.jpg,dry_run,ok,https://dry-run-bucket.example.com/products/honeywell/36022-RU.jpg,51,
36144-RU,Honeywell,D:\BIRETOS\projects\biretos-automation\downloads\photos_enhanced\36144-RU__catalog_placeholder_v1__22882105.jpg,products/honeywell/36144-RU.jpg,dry_run,ok,https://dry-run-bucket.example.com/products/honeywell/36144-RU.jpg,119,
36146-RU,Honeywell,D:\BIRETOS\projects\biretos-automation\downloads\photos_enhanced\36146-RU__catalog_placeholder_v1__765f0175.jpg,products/honeywell/36146-RU.jpg,dry_run,ok,https://dry-run-bucket.example.com/products/honeywell/36146-RU.jpg,151,
36204-RU,Honeywell,D:\BIRETOS\projects\biretos-automation\downloads\photos_enhanced\36204-RU__catalog_placeholder_v1__554f56a4.jpg,products/honeywell/36204-RU.jpg,dry_run,ok,https://dry-run-bucket.example.com/products/honeywell/36204-RU.jpg,349,
36206-RU,Honeywell,D:\BIRETOS\projects\biretos-automation\downloads\photos_enhanced\36206-RU__catalog_placeholder_v1__a64b81c9.jpg,products/honeywell/36206-RU.jpg,dry_run,ok,https://dry-run-bucket.example.com/products/honeywell/36206-RU.jpg,197,
36299-RU,Honeywell,D:\BIRETOS\projects\biretos-automation\downloads\photos_enhanced\36299-RU__catalog_placeholder_v1__1ad59ba5.jpg,products/honeywell/36299-RU.jpg,dry_run,ok,https://dry-run-bucket.example.com/products/honeywell/36299-RU.jpg,187,
369111,Honeywell,D:\BIRETOS\projects\biretos-automation\downloads\photos_enhanced\369111__catalog_placeholder_v1__83775b2c.jpg,products/honeywell/369111.jpg,dry_run,ok,https://dry-run-bucket.example.com/products/honeywell/369111.jpg,87,
369211,Honeywell,D:\BIRETOS\projects\biretos-automation\downloads\photos_enhanced\369211__catalog_placeholder_v1__5e1a26aa.jpg,products/honeywell/369211.jpg,dry_run,ok,https://dry-run-bucket.example.com/products/honeywell/369211.jpg,95,
37011,Honeywell,D:\BIRETOS\projects\biretos-automation\downloads\photos_enhanced\37011__catalog_placeholder_v1__e0543a20.jpg,products/honeywell/37011.jpg,dry_run,ok,https://dry-run-bucket.example.com/products/honeywell/37011.jpg,243,
39611,Honeywell,D:\BIRETOS\projects\biretos-automation\downloads\photos_enhanced\39611__catalog_placeholder_v1__7506c48d.jpg,products/honeywell/39611.jpg,dry_run,ok,https://dry-run-bucket.example.com/products/honeywell/39611.jpg,89,
42511,Honeywell,D:\BIRETOS\projects\biretos-automation\downloads\photos_enhanced\42511__catalog_placeholder_v1__0071d78a.jpg,products/honeywell/42511.jpg,dry_run,ok,https://dry-run-bucket.example.com/products/honeywell/42511.jpg,161,
50017460-001_U,Honeywell,D:\BIRETOS\projects\biretos-automation\downloads\photos_enhanced\50017460-001_U__catalog_placeholder_v1__7ee82288.jpg,products/honeywell/50017460-001_U.jpg,dry_run,ok,https://dry-run-bucket.example.com/products/honeywell/50017460-001_U.jpg,158,
52811,Honeywell,D:\BIRETOS\projects\biretos-automation\downloads\photos_enhanced\52811__catalog_placeholder_v1__843c605c.jpg,products/honeywell/52811.jpg,dry_run,ok,https://dry-run-bucket.example.com/products/honeywell/52811.jpg,144,
54611,Honeywell,D:\BIRETOS\projects\biretos-automation\downloads\photos_enhanced\54611__catalog_placeholder_v1__6f935fe6.jpg,products/honeywell/54611.jpg,dry_run,ok,https://dry-run-bucket.example.com/products/honeywell/54611.jpg,89,
580249.11,Honeywell,D:\BIRETOS\projects\biretos-automation\downloads\photos_enhanced\580249.11__catalog_placeholder_v1__558c493c.jpg,products/honeywell/580249.11.jpg,dry_run,ok,https://dry-run-bucket.example.com/products/honeywell/580249.11.jpg,63,
581263,Honeywell,D:\BIRETOS\projects\biretos-automation\downloads\photos_enhanced\581263__catalog_placeholder_v1__7f855930.jpg,products/honeywell/581263.jpg,dry_run,ok,https://dry-run-bucket.example.com/products/honeywell/581263.jpg,340,
581270,Honeywell,D:\BIRETOS\projects\biretos-automation\downloads\photos_enhanced\581270__catalog_placeholder_v1__b5e7c336.jpg,products/honeywell/581270.jpg,dry_run,ok,https://dry-run-bucket.example.com/products/honeywell/581270.jpg,474,
583491A,Honeywell,D:\BIRETOS\projects\biretos-automation\downloads\photos_enhanced\583491A__catalog_placeholder_v1__b8cfcdba.jpg,products/honeywell/583491A.jpg,dry_run,ok,https://dry-run-bucket.example.com/products/honeywell/583491A.jpg,119,
600GB-SAS2.5,Honeywell,D:\BIRETOS\projects\biretos-automation\downloads\photos_enhanced\600GB-SAS2.5__catalog_placeholder_v1__5c028c50.jpg,products/honeywell/600GB-SAS2.5.jpg,dry_run,ok,https://dry-run-bucket.example.com/products/honeywell/600GB-SAS2.5.jpg,180,
600GB-SAS3.5,Honeywell,D:\BIRETOS\projects\biretos-automation\downloads\photos_enhanced\600GB-SAS3.5__catalog_placeholder_v1__c43ce7de.jpg,products/honeywell/600GB-SAS3.5.jpg,dry_run,ok,https://dry-run-bucket.example.com/products/honeywell/600GB-SAS3.5.jpg,221,
603111,Honeywell,D:\BIRETOS\projects\biretos-automation\downloads\photos_enhanced\603111__catalog_placeholder_v1__0b5e516b.jpg,products/honeywell/603111.jpg,dry_run,ok,https://dry-run-bucket.example.com/products/honeywell/603111.jpg,131,
604411,Honeywell,D:\BIRETOS\projects\biretos-automation\downloads\photos_enhanced\604411__catalog_placeholder_v1__4d059b8c.jpg,products/honeywell/604411.jpg,dry_run,ok,https://dry-run-bucket.example.com/products/honeywell/604411.jpg,148,
6500-LRK,Honeywell,D:\BIRETOS\projects\biretos-automation\downloads\photos_enhanced\6500-LRK__catalog_placeholder_v1__4132d20b.jpg,products/honeywell/6500-LRK.jpg,dry_run,ok,https://dry-run-bucket.example.com/products/honeywell/6500-LRK.jpg,316,
7508001857,Honeywell,D:\BIRETOS\projects\biretos-automation\downloads\photos_enhanced\7508001857__catalog_placeholder_v1__dd01f853.jpg,products/honeywell/7508001857.jpg,dry_run,ok,https://dry-run-bucket.example.com/products/honeywell/7508001857.jpg,162,
773111,Honeywell,D:\BIRETOS\projects\biretos-automation\downloads\photos_enhanced\773111__catalog_placeholder_v1__279ab1c4.jpg,products/honeywell/773111.jpg,dry_run,ok,https://dry-run-bucket.example.com/products/honeywell/773111.jpg,179,
775511,Honeywell,D:\BIRETOS\projects\biretos-automation\downloads\photos_enhanced\775511__catalog_placeholder_v1__27a75e3f.jpg,products/honeywell/775511.jpg,dry_run,ok,https://dry-run-bucket.example.com/products/honeywell/775511.jpg,292,
775611,Honeywell,D:\BIRETOS\projects\biretos-automation\downloads\photos_enhanced\775611__catalog_placeholder_v1__3bfb363f.jpg,products/honeywell/775611.jpg,dry_run,ok,https://dry-run-bucket.example.com/products/honeywell/775611.jpg,240,
777911,Honeywell,D:\BIRETOS\projects\biretos-automation\downloads\photos_enhanced\777911__catalog_placeholder_v1__37181351.jpg,products/honeywell/777911.jpg,dry_run,ok,https://dry-run-bucket.example.com/products/honeywell/777911.jpg,300,
778311,Honeywell,D:\BIRETOS\projects\biretos-automation\downloads\photos_enhanced\778311__catalog_placeholder_v1__bf004f8e.jpg,products/honeywell/778311.jpg,dry_run,ok,https://dry-run-bucket.example.com/products/honeywell/778311.jpg,280,
786711,Honeywell,D:\BIRETOS\projects\biretos-automation\downloads\photos_enhanced\786711__catalog_placeholder_v1__34a029b8.jpg,products/honeywell/786711.jpg,dry_run,ok,https://dry-run-bucket.example.com/products/honeywell/786711.jpg,148,
787411,Honeywell,D:\BIRETOS\projects\biretos-automation\downloads\photos_enhanced\787411__catalog_placeholder_v1__4d589297.jpg,products/honeywell/787411.jpg,dry_run,ok,https://dry-run-bucket.example.com/products/honeywell/787411.jpg,176,
787511,Honeywell,D:\BIRETOS\projects\biretos-automation\downloads\photos_enhanced\787511__catalog_placeholder_v1__a7181fda.jpg,products/honeywell/787511.jpg,dry_run,ok,https://dry-run-bucket.example.com/products/honeywell/787511.jpg,209,
788311,Honeywell,D:\BIRETOS\projects\biretos-automation\downloads\photos_enhanced\788311__catalog_placeholder_v1__a6c55283.jpg,products/honeywell/788311.jpg,dry_run,ok,https://dry-run-bucket.example.com/products/honeywell/788311.jpg,99,
788600,Honeywell,D:\BIRETOS\projects\biretos-automation\downloads\photos_enhanced\788600__catalog_placeholder_v1__fbecd0bd.jpg,products/honeywell/788600.jpg,dry_run,ok,https://dry-run-bucket.example.com/products/honeywell/788600.jpg,202,
7910180000,Honeywell,D:\BIRETOS\projects\biretos-automation\downloads\photos_enhanced\7910180000__catalog_placeholder_v1__9e514fb1.jpg,products/honeywell/7910180000.jpg,dry_run,ok,https://dry-run-bucket.example.com/products/honeywell/7910180000.jpg,192,
797211,Honeywell,D:\BIRETOS\projects\biretos-automation\downloads\photos_enhanced\797211__catalog_placeholder_v1__4347a17c.jpg,products/honeywell/797211.jpg,dry_run,ok,https://dry-run-bucket.example.com/products/honeywell/797211.jpg,105,
802371,Honeywell,D:\BIRETOS\projects\biretos-automation\downloads\photos_enhanced\802371__catalog_placeholder_v1__603e0fa9.jpg,products/honeywell/802371.jpg,dry_run,ok,https://dry-run-bucket.example.com/products/honeywell/802371.jpg,242,
802374,Honeywell,D:\BIRETOS\projects\biretos-automation\downloads\photos_enhanced\802374__catalog_placeholder_v1__5d77b0f8.jpg,products/honeywell/802374.jpg,dry_run,ok,https://dry-run-bucket.example.com/products/honeywell/802374.jpg,215,
808621,Honeywell,D:\BIRETOS\projects\biretos-automation\downloads\photos_enhanced\808621__catalog_placeholder_v1__e3ca860a.jpg,products/honeywell/808621.jpg,dry_run,ok,https://dry-run-bucket.example.com/products/honeywell/808621.jpg,220,
815511,Honeywell,D:\BIRETOS\projects\biretos-automation\downloads\photos_enhanced\815511__catalog_placeholder_v1__340ccebf.jpg,products/honeywell/815511.jpg,dry_run,ok,https://dry-run-bucket.example.com/products/honeywell/815511.jpg,206,
815611,Honeywell,D:\BIRETOS\projects\biretos-automation\downloads\photos_enhanced\815611__catalog_placeholder_v1__37181351.jpg,products/honeywell/815611.jpg,dry_run,ok,https://dry-run-bucket.example.com/products/honeywell/815611.jpg,300,
816713,Honeywell,D:\BIRETOS\projects\biretos-automation\downloads\photos_enhanced\816713__catalog_placeholder_v1__4babcea3.jpg,products/honeywell/816713.jpg,dry_run,ok,https://dry-run-bucket.example.com/products/honeywell/816713.jpg,147,
820111,Honeywell,D:\BIRETOS\projects\biretos-automation\downloads\photos_enhanced\820111__catalog_placeholder_v1__84a2b644.jpg,products/honeywell/820111.jpg,dry_run,ok,https://dry-run-bucket.example.com/products/honeywell/820111.jpg,112,
820511,Honeywell,D:\BIRETOS\projects\biretos-automation\downloads\photos_enhanced\820511__catalog_placeholder_v1__0a0566a0.jpg,products/honeywell/820511.jpg,dry_run,ok,https://dry-run-bucket.example.com/products/honeywell/820511.jpg,61,
820611,Honeywell,D:\BIRETOS\projects\biretos-automation\downloads\photos_enhanced\820611__catalog_placeholder_v1__b2d51a16.jpg,products/honeywell/820611.jpg,dry_run,ok,https://dry-run-bucket.example.com/products/honeywell/820611.jpg,151,
821811,Honeywell,D:\BIRETOS\projects\biretos-automation\downloads\photos_enhanced\821811__catalog_placeholder_v1__3199def6.jpg,products/honeywell/821811.jpg,dry_run,ok,https://dry-run-bucket.example.com/products/honeywell/821811.jpg,226,
824611,Honeywell,D:\BIRETOS\projects\biretos-automation\downloads\photos_enhanced\824611__catalog_placeholder_v1__340ccebf.jpg,products/honeywell/824611.jpg,dry_run,ok,https://dry-run-bucket.example.com/products/honeywell/824611.jpg,206,
829211,Honeywell,D:\BIRETOS\projects\biretos-automation\downloads\photos_enhanced\829211__catalog_placeholder_v1__1af24c97.jpg,products/honeywell/829211.jpg,dry_run,ok,https://dry-run-bucket.example.com/products/honeywell/829211.jpg,112,
830811,Honeywell,D:\BIRETOS\projects\biretos-automation\downloads\photos_enhanced\830811__catalog_placeholder_v1__1126ada9.jpg,products/honeywell/830811.jpg,dry_run,ok,https://dry-run-bucket.example.com/products/honeywell/830811.jpg,182,
846811,Honeywell,D:\BIRETOS\projects\biretos-automation\downloads\photos_enhanced\846811__catalog_placeholder_v1__768f7f85.jpg,products/honeywell/846811.jpg,dry_run,ok,https://dry-run-bucket.example.com/products/honeywell/846811.jpg,101,
871-229-201,Honeywell,D:\BIRETOS\projects\biretos-automation\downloads\photos_enhanced\871-229-201__catalog_placeholder_v1__843a9574.jpg,products/honeywell/871-229-201.jpg,dry_run,ok,https://dry-run-bucket.example.com/products/honeywell/871-229-201.jpg,111,
885711,Honeywell,D:\BIRETOS\projects\biretos-automation\downloads\photos_enhanced\885711__catalog_placeholder_v1__f1ff46a8.jpg,products/honeywell/885711.jpg,dry_run,ok,https://dry-run-bucket.example.com/products/honeywell/885711.jpg,98,
885811,Honeywell,D:\BIRETOS\projects\biretos-automation\downloads\photos_enhanced\885811__catalog_placeholder_v1__545b580a.jpg,products/honeywell/885811.jpg,dry_run,ok,https://dry-run-bucket.example.com/products/honeywell/885811.jpg,272,
887111,Honeywell,D:\BIRETOS\projects\biretos-automation\downloads\photos_enhanced\887111__catalog_placeholder_v1__7d7be60e.jpg,products/honeywell/887111.jpg,dry_run,ok,https://dry-run-bucket.example.com/products/honeywell/887111.jpg,109,
902591,Honeywell,D:\BIRETOS\projects\biretos-automation\downloads\photos_enhanced\902591__catalog_placeholder_v1__caf81094.jpg,products/honeywell/902591.jpg,dry_run,ok,https://dry-run-bucket.example.com/products/honeywell/902591.jpg,349,
91940-RU,Honeywell,D:\BIRETOS\projects\biretos-automation\downloads\photos_enhanced\91940-RU__catalog_placeholder_v1__57fa615c.jpg,products/honeywell/91940-RU.jpg,dry_run,ok,https://dry-run-bucket.example.com/products/honeywell/91940-RU.jpg,51,
940293,Honeywell,D:\BIRETOS\projects\biretos-automation\downloads\photos_enhanced\940293__catalog_placeholder_v1__08899122.jpg,products/honeywell/940293.jpg,dry_run,ok,https://dry-run-bucket.example.com/products/honeywell/940293.jpg,193,
A133230-00,Honeywell,D:\BIRETOS\projects\biretos-automation\downloads\photos_enhanced\A133230-00__catalog_placeholder_v1__b1f6c40a.jpg,products/honeywell/A133230-00.jpg,dry_run,ok,https://dry-run-bucket.example.com/products/honeywell/A133230-00.jpg,109,
AF00-B65,Honeywell,D:\BIRETOS\projects\biretos-automation\downloads\photos_enhanced\AF00-B65__catalog_placeholder_v1__13a29c2b.jpg,products/honeywell/AF00-B65.jpg,dry_run,ok,https://dry-run-bucket.example.com/products/honeywell/AF00-B65.jpg,121,
AT-MMC200LX,Honeywell,D:\BIRETOS\projects\biretos-automation\downloads\photos_enhanced\AT-MMC200LX__catalog_placeholder_v1__e2a3539e.jpg,products/honeywell/AT-MMC200LX.jpg,dry_run,ok,https://dry-run-bucket.example.com/products/honeywell/AT-MMC200LX.jpg,84,
AT-MMCR18-60-RU,Honeywell,D:\BIRETOS\projects\biretos-automation\downloads\photos_enhanced\AT-MMCR18-60-RU__catalog_placeholder_v1__439487ef.jpg,products/honeywell/AT-MMCR18-60-RU.jpg,dry_run,ok,https://dry-run-bucket.example.com/products/honeywell/AT-MMCR18-60-RU.jpg,133,
BF-HWC4-PN16-0125,Honeywell,D:\BIRETOS\projects\biretos-automation\downloads\photos_enhanced\BF-HWC4-PN16-0125__catalog_placeholder_v1__3a0b25dc.jpg,products/honeywell/BF-HWC4-PN16-0125.jpg,dry_run,ok,https://dry-run-bucket.example.com/products/honeywell/BF-HWC4-PN16-0125.jpg,185,
BS-420G2,Honeywell,D:\BIRETOS\projects\biretos-automation\downloads\photos_enhanced\BS-420G2__catalog_placeholder_v1__3d456592.jpg,products/honeywell/BS-420G2.jpg,dry_run,ok,https://dry-run-bucket.example.com/products/honeywell/BS-420G2.jpg,155,
BWC4-Y-R,Honeywell,D:\BIRETOS\projects\biretos-automation\downloads\photos_enhanced\BWC4-Y-R__catalog_placeholder_v1__23f3d91f.jpg,products/honeywell/BWC4-Y-R.jpg,dry_run,ok,https://dry-run-bucket.example.com/products/honeywell/BWC4-Y-R.jpg,107,
C7355A1050,Honeywell,D:\BIRETOS\projects\biretos-automation\downloads\photos_enhanced\C7355A1050__catalog_placeholder_v1__460f0446.jpg,products/honeywell/C7355A1050.jpg,dry_run,ok,https://dry-run-bucket.example.com/products/honeywell/C7355A1050.jpg,168,
CABLE-0.22-8T,Honeywell,D:\BIRETOS\projects\biretos-automation\downloads\photos_enhanced\CABLE-0.22-8T__catalog_placeholder_v1__9d8bab03.jpg,products/honeywell/CABLE-0.22-8T.jpg,dry_run,ok,https://dry-run-bucket.example.com/products/honeywell/CABLE-0.22-8T.jpg,227,
CATALIST,Honeywell,D:\BIRETOS\projects\biretos-automation\downloads\photos_enhanced\CATALIST__catalog_placeholder_v1__3f5b75d6.jpg,products/honeywell/CATALIST.jpg,dry_run,ok,https://dry-run-bucket.example.com/products/honeywell/CATALIST.jpg,83,
CF274A,Honeywell,D:\BIRETOS\projects\biretos-automation\downloads\photos_enhanced\CF274A__catalog_placeholder_v1__1400aaff.jpg,products/honeywell/CF274A.jpg,dry_run,ok,https://dry-run-bucket.example.com/products/honeywell/CF274A.jpg,132,
CM010610,Honeywell,D:\BIRETOS\projects\biretos-automation\downloads\photos_enhanced\CM010610__catalog_placeholder_v1__606b9040.jpg,products/honeywell/CM010610.jpg,dry_run,ok,https://dry-run-bucket.example.com/products/honeywell/CM010610.jpg,256,
CM100600-RU,Honeywell,D:\BIRETOS\projects\biretos-automation\downloads\photos_enhanced\CM100600-RU__catalog_placeholder_v1__46e64675.jpg,products/honeywell/CM100600-RU.jpg,dry_run,ok,https://dry-run-bucket.example.com/products/honeywell/CM100600-RU.jpg,173,
CN80-HB-CNV-0,Honeywell,D:\BIRETOS\projects\biretos-automation\downloads\photos_enhanced\CN80-HB-CNV-0__catalog_placeholder_v1__d15b5e1f.jpg,products/honeywell/CN80-HB-CNV-0.jpg,dry_run,ok,https://dry-run-bucket.example.com/products/honeywell/CN80-HB-CNV-0.jpg,67,
COLOR,Honeywell,D:\BIRETOS\projects\biretos-automation\downloads\photos_enhanced\COLOR__catalog_placeholder_v1__2036eb97.jpg,products/honeywell/COLOR.jpg,dry_run,ok,https://dry-run-bucket.example.com/products/honeywell/COLOR.jpg,94,
CPO-RL4,Honeywell,D:\BIRETOS\projects\biretos-automation\downloads\photos_enhanced\CPO-RL4__catalog_placeholder_v1__feff119a.jpg,products/honeywell/CPO-RL4.jpg,dry_run,ok,https://dry-run-bucket.example.com/products/honeywell/CPO-RL4.jpg,133,
CR-M024DC2,Honeywell,D:\BIRETOS\projects\biretos-automation\downloads\photos_enhanced\CR-M024DC2__catalog_placeholder_v1__65033e95.jpg,products/honeywell/CR-M024DC2.jpg,dry_run,ok,https://dry-run-bucket.example.com/products/honeywell/CR-M024DC2.jpg,188,
CR-M4LC,Honeywell,D:\BIRETOS\projects\biretos-automation\downloads\photos_enhanced\CR-M4LC__catalog_placeholder_v1__fa6c640e.jpg,products/honeywell/CR-M4LC.jpg,dry_run,ok,https://dry-run-bucket.example.com/products/honeywell/CR-M4LC.jpg,171,
CSR,Honeywell,D:\BIRETOS\projects\biretos-automation\downloads\photos_enhanced\CSR__catalog_placeholder_v1__3c154d60.jpg,products/honeywell/CSR.jpg,dry_run,ok,https://dry-run-bucket.example.com/products/honeywell/CSR.jpg,209,
CWR,Honeywell,D:\BIRETOS\projects\biretos-automation\downloads\photos_enhanced\CWR__catalog_placeholder_v1__cc8bcbe6.jpg,products/honeywell/CWR.jpg,dry_run,ok,https://dry-run-bucket.example.com/products/honeywell/CWR.jpg,180,
CWSS-RB-S8,Honeywell,D:\BIRETOS\projects\biretos-automation\downloads\photos_enhanced\CWSS-RB-S8__catalog_placeholder_v1__cfa0fafe.jpg,products/honeywell/CWSS-RB-S8.jpg,dry_run,ok,https://dry-run-bucket.example.com/products/honeywell/CWSS-RB-S8.jpg,165,
DCPSU-24-1.3,Honeywell,D:\BIRETOS\projects\biretos-automation\downloads\photos_enhanced\DCPSU-24-1.3__catalog_placeholder_v1__62ba3a83.jpg,products/honeywell/DCPSU-24-1.3.jpg,dry_run,ok,https://dry-run-bucket.example.com/products/honeywell/DCPSU-24-1.3.jpg,176,
DPTE1000S,Honeywell,D:\BIRETOS\projects\biretos-automation\downloads\photos_enhanced\DPTE1000S__catalog_placeholder_v1__ada04f14.jpg,products/honeywell/DPTE1000S.jpg,dry_run,ok,https://dry-run-bucket.example.com/products/honeywell/DPTE1000S.jpg,141,
DTI6,Honeywell,D:\BIRETOS\projects\biretos-automation\downloads\photos_enhanced\DTI6__catalog_placeholder_v1__951c5390.jpg,products/honeywell/DTI6.jpg,dry_run,ok,https://dry-run-bucket.example.com/products/honeywell/DTI6.jpg,189,
EASY,Honeywell,D:\BIRETOS\projects\biretos-automation\downloads\photos_enhanced\EASY__catalog_placeholder_v1__1644fff5.jpg,products/honeywell/EASY.jpg,dry_run,ok,https://dry-run-bucket.example.com/products/honeywell/EASY.jpg,277,
EDA61K-HB-2,Honeywell,D:\BIRETOS\projects\biretos-automation\downloads\photos_enhanced\EDA61K-HB-2__catalog_placeholder_v1__0597af75.jpg,products/honeywell/EDA61K-HB-2.jpg,dry_run,ok,https://dry-run-bucket.example.com/products/honeywell/EDA61K-HB-2.jpg,110,
EDA61K-SH-DC,Honeywell,D:\BIRETOS\projects\biretos-automation\downloads\photos_enhanced\EDA61K-SH-DC__catalog_placeholder_v1__f460c58d.jpg,products/honeywell/EDA61K-SH-DC.jpg,dry_run,ok,https://dry-run-bucket.example.com/products/honeywell/EDA61K-SH-DC.jpg,118,
EP10425882,Honeywell,D:\BIRETOS\projects\biretos-automation\downloads\photos_enhanced\EP10425882__catalog_placeholder_v1__e210b4db.jpg,products/honeywell/EP10425882.jpg,dry_run,ok,https://dry-run-bucket.example.com/products/honeywell/EP10425882.jpg,130,
EP10427213,Honeywell,D:\BIRETOS\projects\biretos-automation\downloads\photos_enhanced\EP10427213__catalog_placeholder_v1__7aa4cac7.jpg,products/honeywell/EP10427213.jpg,dry_run,ok,https://dry-run-bucket.example.com/products/honeywell/EP10427213.jpg,239,
EP10427404,Honeywell,D:\BIRETOS\projects\biretos-automation\downloads\photos_enhanced\EP10427404__catalog_placeholder_v1__6d97c4ca.jpg,products/honeywell/EP10427404.jpg,dry_run,ok,https://dry-run-bucket.example.com/products/honeywell/EP10427404.jpg,122,
EVCS-HSB,Honeywell,D:\BIRETOS\projects\biretos-automation\downloads\photos_enhanced\EVCS-HSB__catalog_placeholder_v1__3da8e72c.jpg,products/honeywell/EVCS-HSB.jpg,dry_run,ok,https://dry-run-bucket.example.com/products/honeywell/EVCS-HSB.jpg,342,
EVCS-MS,Honeywell,D:\BIRETOS\projects\biretos-automation\downloads\photos_enhanced\EVCS-MS__catalog_placeholder_v1__b7ffb0f9.jpg,products/honeywell/EVCS-MS.jpg,dry_run,ok,https://dry-run-bucket.example.com/products/honeywell/EVCS-MS.jpg,195,
F750E-S0,Honeywell,D:\BIRETOS\projects\biretos-automation\downloads\photos_enhanced\F750E-S0__catalog_placeholder_v1__158b5772.jpg,products/honeywell/F750E-S0.jpg,dry_run,ok,https://dry-run-bucket.example.com/products/honeywell/F750E-S0.jpg,177,
FCP3-RACK,Honeywell,D:\BIRETOS\projects\biretos-automation\downloads\photos_enhanced\FCP3-RACK__catalog_placeholder_v1__5987c1bc.jpg,products/honeywell/FCP3-RACK.jpg,dry_run,ok,https://dry-run-bucket.example.com/products/honeywell/FCP3-RACK.jpg,57,
FP1B-LCUL-01H,Honeywell,D:\BIRETOS\projects\biretos-automation\downloads\photos_enhanced\FP1B-LCUL-01H__catalog_placeholder_v1__8fbe024d.jpg,products/honeywell/FP1B-LCUL-01H.jpg,dry_run,ok,https://dry-run-bucket.example.com/products/honeywell/FP1B-LCUL-01H.jpg,126,
FT6960-60,Honeywell,D:\BIRETOS\projects\biretos-automation\downloads\photos_enhanced\FT6960-60__catalog_placeholder_v1__6ff674d9.jpg,products/honeywell/FT6960-60.jpg,dry_run,ok,https://dry-run-bucket.example.com/products/honeywell/FT6960-60.jpg,151,
FUSE-0.5A-5X20,Honeywell,D:\BIRETOS\projects\biretos-automation\downloads\photos_enhanced\FUSE-0.5A-5X20__catalog_placeholder_v1__72de683f.jpg,products/honeywell/FUSE-0.5A-5X20.jpg,dry_run,ok,https://dry-run-bucket.example.com/products/honeywell/FUSE-0.5A-5X20.jpg,112,
FUSE-2A-5X20-RU,Honeywell,D:\BIRETOS\projects\biretos-automation\downloads\photos_enhanced\FUSE-2A-5X20-RU__catalog_placeholder_v1__2934b96b.jpg,products/honeywell/FUSE-2A-5X20-RU.jpg,dry_run,ok,https://dry-run-bucket.example.com/products/honeywell/FUSE-2A-5X20-RU.jpg,319,
FUSE-6.3A-5X20,Honeywell,D:\BIRETOS\projects\biretos-automation\downloads\photos_enhanced\FUSE-6.3A-5X20__catalog_placeholder_v1__b947d154.jpg,products/honeywell/FUSE-6.3A-5X20.jpg,dry_run,ok,https://dry-run-bucket.example.com/products/honeywell/FUSE-6.3A-5X20.jpg,227,
FX808338,Honeywell,D:\BIRETOS\projects\biretos-automation\downloads\photos_enhanced\FX808338__catalog_placeholder_v1__dd628ce0.jpg,products/honeywell/FX808338.jpg,dry_run,ok,https://dry-run-bucket.example.com/products/honeywell/FX808338.jpg,205,
FX808439,Honeywell,D:\BIRETOS\projects\biretos-automation\downloads\photos_enhanced\FX808439__catalog_placeholder_v1__7d3f3f46.jpg,products/honeywell/FX808439.jpg,dry_run,ok,https://dry-run-bucket.example.com/products/honeywell/FX808439.jpg,209,
H3D1F1X,Honeywell,D:\BIRETOS\projects\biretos-automation\downloads\photos_enhanced\H3D1F1X__catalog_placeholder_v1__89ba4b0c.jpg,products/honeywell/H3D1F1X.jpg,dry_run,ok,https://dry-run-bucket.example.com/products/honeywell/H3D1F1X.jpg,276,
H4L6GR2,Honeywell,D:\BIRETOS\projects\biretos-automation\downloads\photos_enhanced\H4L6GR2__catalog_placeholder_v1__02a29149.jpg,products/honeywell/H4L6GR2.jpg,dry_run,ok,https://dry-run-bucket.example.com/products/honeywell/H4L6GR2.jpg,191,
H4W4GR1Y,Honeywell,D:\BIRETOS\projects\biretos-automation\downloads\photos_enhanced\H4W4GR1Y__catalog_placeholder_v1__06a11452.jpg,products/honeywell/H4W4GR1Y.jpg,dry_run,ok,https://dry-run-bucket.example.com/products/honeywell/H4W4GR1Y.jpg,157,
H4W4PER2,Honeywell,D:\BIRETOS\projects\biretos-automation\downloads\photos_enhanced\H4W4PER2__catalog_placeholder_v1__a3636340.jpg,products/honeywell/H4W4PER2.jpg,dry_run,ok,https://dry-run-bucket.example.com/products/honeywell/H4W4PER2.jpg,110,
HBL6GR2,Honeywell,D:\BIRETOS\projects\biretos-automation\downloads\photos_enhanced\HBL6GR2__catalog_placeholder_v1__d1563b54.jpg,products/honeywell/HBL6GR2.jpg,dry_run,ok,https://dry-run-bucket.example.com/products/honeywell/HBL6GR2.jpg,213,
HCM-4-2U,Honeywell,D:\BIRETOS\projects\biretos-automation\downloads\photos_enhanced\HCM-4-2U__catalog_placeholder_v1__361672de.jpg,products/honeywell/HCM-4-2U.jpg,dry_run,ok,https://dry-run-bucket.example.com/products/honeywell/HCM-4-2U.jpg,118,
HVAC23C5,Honeywell,D:\BIRETOS\projects\biretos-automation\downloads\photos_enhanced\HVAC23C5__catalog_placeholder_v1__d9561ca7.jpg,products/honeywell/HVAC23C5.jpg,dry_run,ok,https://dry-run-bucket.example.com/products/honeywell/HVAC23C5.jpg,123,
HVAC31C5,Honeywell,D:\BIRETOS\projects\biretos-automation\downloads\photos_enhanced\HVAC31C5__catalog_placeholder_v1__09ba3a3c.jpg,products/honeywell/HVAC31C5.jpg,dry_run,ok,https://dry-run-bucket.example.com/products/honeywell/HVAC31C5.jpg,155,
HVAC46C5,Honeywell,D:\BIRETOS\projects\biretos-automation\downloads\photos_enhanced\HVAC46C5__catalog_placeholder_v1__09ba3a3c.jpg,products/honeywell/HVAC46C5.jpg,dry_run,ok,https://dry-run-bucket.example.com/products/honeywell/HVAC46C5.jpg,155,
KD-050,Honeywell,D:\BIRETOS\projects\biretos-automation\downloads\photos_enhanced\KD-050__catalog_placeholder_v1__bad32d2c.jpg,products/honeywell/KD-050.jpg,dry_run,ok,https://dry-run-bucket.example.com/products/honeywell/KD-050.jpg,116,
KTF00-65-2M,Honeywell,D:\BIRETOS\projects\biretos-automation\downloads\photos_enhanced\KTF00-65-2M__catalog_placeholder_v1__80ce290b.jpg,products/honeywell/KTF00-65-2M.jpg,dry_run,ok,https://dry-run-bucket.example.com/products/honeywell/KTF00-65-2M.jpg,198,
KZDS,Honeywell,D:\BIRETOS\projects\biretos-automation\downloads\photos_enhanced\KZDS__catalog_placeholder_v1__44dc20bf.jpg,products/honeywell/KZDS.jpg,dry_run,ok,https://dry-run-bucket.example.com/products/honeywell/KZDS.jpg,69,
L-VOM40A_EN,Honeywell,D:\BIRETOS\projects\biretos-automation\downloads\photos_enhanced\L-VOM40A_EN__catalog_placeholder_v1__7e7b1e04.jpg,products/honeywell/L-VOM40A_EN.jpg,dry_run,ok,https://dry-run-bucket.example.com/products/honeywell/L-VOM40A_EN.jpg,74,
LA5496411314,Honeywell,D:\BIRETOS\projects\biretos-automation\downloads\photos_enhanced\LA5496411314__catalog_placeholder_v1__4b4effdc.jpg,products/honeywell/LA5496411314.jpg,dry_run,ok,https://dry-run-bucket.example.com/products/honeywell/LA5496411314.jpg,214,
LATITUDE,Honeywell,D:\BIRETOS\projects\biretos-automation\downloads\photos_enhanced\LATITUDE__catalog_placeholder_v1__38664119.jpg,products/honeywell/LATITUDE.jpg,dry_run,ok,https://dry-run-bucket.example.com/products/honeywell/LATITUDE.jpg,177,
LEONARDO-OT,Honeywell,D:\BIRETOS\projects\biretos-automation\downloads\photos_enhanced\LEONARDO-OT__catalog_placeholder_v1__70344fe1.jpg,products/honeywell/LEONARDO-OT.jpg,dry_run,ok,https://dry-run-bucket.example.com/products/honeywell/LEONARDO-OT.jpg,18,
LF20-3P65-5M,Honeywell,D:\BIRETOS\projects\biretos-automation\downloads\photos_enhanced\LF20-3P65-5M__catalog_placeholder_v1__360c46df.jpg,products/honeywell/LF20-3P65-5M.jpg,dry_run,ok,https://dry-run-bucket.example.com/products/honeywell/LF20-3P65-5M.jpg,78,
MAU8_MS,Honeywell,D:\BIRETOS\projects\biretos-automation\downloads\photos_enhanced\MAU8_MS__catalog_placeholder_v1__eafa1153.jpg,products/honeywell/MAU8_MS.jpg,dry_run,ok,https://dry-run-bucket.example.com/products/honeywell/MAU8_MS.jpg,157,
MB3480,Honeywell,D:\BIRETOS\projects\biretos-automation\downloads\photos_enhanced\MB3480__catalog_placeholder_v1__6968dd48.jpg,products/honeywell/MB3480.jpg,dry_run,ok,https://dry-run-bucket.example.com/products/honeywell/MB3480.jpg,140,
MCP-PRO-M,Honeywell,D:\BIRETOS\projects\biretos-automation\downloads\photos_enhanced\MCP-PRO-M__catalog_placeholder_v1__bb53aa3a.jpg,products/honeywell/MCP-PRO-M.jpg,dry_run,ok,https://dry-run-bucket.example.com/products/honeywell/MCP-PRO-M.jpg,213,
ML6420A3072,Honeywell,D:\BIRETOS\projects\biretos-automation\downloads\photos_enhanced\ML6420A3072__catalog_placeholder_v1__4899f3d7.jpg,products/honeywell/ML6420A3072.jpg,dry_run,ok,https://dry-run-bucket.example.com/products/honeywell/ML6420A3072.jpg,105,
ML6421A3005,Honeywell,D:\BIRETOS\projects\biretos-automation\downloads\photos_enhanced\ML6421A3005__catalog_placeholder_v1__24ddb13f.jpg,products/honeywell/ML6421A3005.jpg,dry_run,ok,https://dry-run-bucket.example.com/products/honeywell/ML6421A3005.jpg,113,
ML6421A3013,Honeywell,D:\BIRETOS\projects\biretos-automation\downloads\photos_enhanced\ML6421A3013__catalog_placeholder_v1__1ff94dd8.jpg,products/honeywell/ML6421A3013.jpg,dry_run,ok,https://dry-run-bucket.example.com/products/honeywell/ML6421A3013.jpg,118,
ML6425A3014,Honeywell,D:\BIRETOS\projects\biretos-automation\downloads\photos_enhanced\ML6425A3014__catalog_placeholder_v1__cc323d9c.jpg,products/honeywell/ML6425A3014.jpg,dry_run,ok,https://dry-run-bucket.example.com/products/honeywell/ML6425A3014.jpg,114,
MZ-PCWS84,Honeywell,D:\BIRETOS\projects\biretos-automation\downloads\photos_enhanced\MZ-PCWS84__catalog_placeholder_v1__2ad89936.jpg,products/honeywell/MZ-PCWS84.jpg,dry_run,ok,https://dry-run-bucket.example.com/products/honeywell/MZ-PCWS84.jpg,153,
N05230-2POS,Honeywell,D:\BIRETOS\projects\biretos-automation\downloads\photos_enhanced\N05230-2POS__catalog_placeholder_v1__c10583bc.jpg,products/honeywell/N05230-2POS.jpg,dry_run,ok,https://dry-run-bucket.example.com/products/honeywell/N05230-2POS.jpg,116,
N0524,Honeywell,D:\BIRETOS\projects\biretos-automation\downloads\photos_enhanced\N0524__catalog_placeholder_v1__2fa161b8.jpg,products/honeywell/N0524.jpg,dry_run,ok,https://dry-run-bucket.example.com/products/honeywell/N0524.jpg,147,
N0524-SW2,Honeywell,D:\BIRETOS\projects\biretos-automation\downloads\photos_enhanced\N0524-SW2__catalog_placeholder_v1__2fa161b8.jpg,products/honeywell/N0524-SW2.jpg,dry_run,ok,https://dry-run-bucket.example.com/products/honeywell/N0524-SW2.jpg,147,
N10010,Honeywell,D:\BIRETOS\projects\biretos-automation\downloads\photos_enhanced\N10010__catalog_placeholder_v1__c5fd7ab6.jpg,products/honeywell/N10010.jpg,dry_run,ok,https://dry-run-bucket.example.com/products/honeywell/N10010.jpg,123,
N34230,Honeywell,D:\BIRETOS\projects\biretos-automation\downloads\photos_enhanced\N34230__catalog_placeholder_v1__238de475.jpg,products/honeywell/N34230.jpg,dry_run,ok,https://dry-run-bucket.example.com/products/honeywell/N34230.jpg,161,
NE-NICS02,Honeywell,D:\BIRETOS\projects\biretos-automation\downloads\photos_enhanced\NE-NICS02__catalog_placeholder_v1__30670990.jpg,products/honeywell/NE-NICS02.jpg,dry_run,ok,https://dry-run-bucket.example.com/products/honeywell/NE-NICS02.jpg,314,
NMF-RP16SCUS2-RU,Honeywell,D:\BIRETOS\projects\biretos-automation\downloads\photos_enhanced\NMF-RP16SCUS2-RU__catalog_placeholder_v1__781860ba.jpg,products/honeywell/NMF-RP16SCUS2-RU.jpg,dry_run,ok,https://dry-run-bucket.example.com/products/honeywell/NMF-RP16SCUS2-RU.jpg,84,
P2210F,Honeywell,D:\BIRETOS\projects\biretos-automation\downloads\photos_enhanced\P2210F__catalog_placeholder_v1__72b5dceb.jpg,products/honeywell/P2210F.jpg,dry_run,ok,https://dry-run-bucket.example.com/products/honeywell/P2210F.jpg,150,
P2213F,Honeywell,D:\BIRETOS\projects\biretos-automation\downloads\photos_enhanced\P2213F__catalog_placeholder_v1__727de5a2.jpg,products/honeywell/P2213F.jpg,dry_run,ok,https://dry-run-bucket.example.com/products/honeywell/P2213F.jpg,291,
P2217H,Honeywell,D:\BIRETOS\projects\biretos-automation\downloads\photos_enhanced\P2217H__catalog_placeholder_v1__9b46742c.jpg,products/honeywell/P2217H.jpg,dry_run,ok,https://dry-run-bucket.example.com/products/honeywell/P2217H.jpg,277,
P2421D,Honeywell,D:\BIRETOS\projects\biretos-automation\downloads\photos_enhanced\P2421D__catalog_placeholder_v1__eafab918.jpg,products/honeywell/P2421D.jpg,dry_run,ok,https://dry-run-bucket.example.com/products/honeywell/P2421D.jpg,78,
P2422H,Honeywell,D:\BIRETOS\projects\biretos-automation\downloads\photos_enhanced\P2422H__catalog_placeholder_v1__21e99e89.jpg,products/honeywell/P2422H.jpg,dry_run,ok,https://dry-run-bucket.example.com/products/honeywell/P2422H.jpg,197,
P400-RU,Honeywell,D:\BIRETOS\projects\biretos-automation\downloads\photos_enhanced\P400-RU__catalog_placeholder_v1__4fdc7857.jpg,products/honeywell/P400-RU.jpg,dry_run,ok,https://dry-run-bucket.example.com/products/honeywell/P400-RU.jpg,293,
P600,Honeywell,D:\BIRETOS\projects\biretos-automation\downloads\photos_enhanced\P600__catalog_placeholder_v1__7b4ec0d7.jpg,products/honeywell/P600.jpg,dry_run,ok,https://dry-run-bucket.example.com/products/honeywell/P600.jpg,89,
PANC300-03,Honeywell,D:\BIRETOS\projects\biretos-automation\downloads\photos_enhanced\PANC300-03__catalog_placeholder_v1__f15a379e.jpg,products/honeywell/PANC300-03.jpg,dry_run,ok,https://dry-run-bucket.example.com/products/honeywell/PANC300-03.jpg,120,
PANC300-04,Honeywell,D:\BIRETOS\projects\biretos-automation\downloads\photos_enhanced\PANC300-04__catalog_placeholder_v1__16d3de6f.jpg,products/honeywell/PANC300-04.jpg,dry_run,ok,https://dry-run-bucket.example.com/products/honeywell/PANC300-04.jpg,199,
PAVILION,Honeywell,D:\BIRETOS\projects\biretos-automation\downloads\photos_enhanced\PAVILION__catalog_placeholder_v1__9413a5c5.jpg,products/honeywell/PAVILION.jpg,dry_run,ok,https://dry-run-bucket.example.com/products/honeywell/PAVILION.jpg,282,
PCD3.M3360,Honeywell,D:\BIRETOS\projects\biretos-automation\downloads\photos_enhanced\PCD3.M3360__catalog_placeholder_v1__b51bc6c0.jpg,products/honeywell/PCD3.M3360.jpg,dry_run,ok,https://dry-run-bucket.example.com/products/honeywell/PCD3.M3360.jpg,237,
PCD3.W340,Honeywell,D:\BIRETOS\projects\biretos-automation\downloads\photos_enhanced\PCD3.W340__catalog_placeholder_v1__06c3ad40.jpg,products/honeywell/PCD3.W340.jpg,dry_run,ok,https://dry-run-bucket.example.com/products/honeywell/PCD3.W340.jpg,200,
PCD7.L500,Honeywell,D:\BIRETOS\projects\biretos-automation\downloads\photos_enhanced\PCD7.L500__catalog_placeholder_v1__fe02f741.jpg,products/honeywell/PCD7.L500.jpg,dry_run,ok,https://dry-run-bucket.example.com/products/honeywell/PCD7.L500.jpg,304,
PERTHECTION,Honeywell,D:\BIRETOS\projects\biretos-automation\downloads\photos_enhanced\PERTHECTION__catalog_placeholder_v1__96beb789.jpg,products/honeywell/PERTHECTION.jpg,dry_run,ok,https://dry-run-bucket.example.com/products/honeywell/PERTHECTION.jpg,91,
PHASER,Honeywell,D:\BIRETOS\projects\biretos-automation\downloads\photos_enhanced\PHASER__catalog_placeholder_v1__9456c147.jpg,products/honeywell/PHASER.jpg,dry_run,ok,https://dry-run-bucket.example.com/products/honeywell/PHASER.jpg,263,
PIP-003,Honeywell,D:\BIRETOS\projects\biretos-automation\downloads\photos_enhanced\PIP-003__catalog_placeholder_v1__efbe489a.jpg,products/honeywell/PIP-003.jpg,dry_run,ok,https://dry-run-bucket.example.com/products/honeywell/PIP-003.jpg,222,
PP11L,Honeywell,D:\BIRETOS\projects\biretos-automation\downloads\photos_enhanced\PP11L__catalog_placeholder_v1__307e8ec7.jpg,products/honeywell/PP11L.jpg,dry_run,ok,https://dry-run-bucket.example.com/products/honeywell/PP11L.jpg,239,
PRECISION,Honeywell,D:\BIRETOS\projects\biretos-automation\downloads\photos_enhanced\PRECISION__catalog_placeholder_v1__5c7b70d5.jpg,products/honeywell/PRECISION.jpg,dry_run,ok,https://dry-run-bucket.example.com/products/honeywell/PRECISION.jpg,176,
PRECITION,Honeywell,D:\BIRETOS\projects\biretos-automation\downloads\photos_enhanced\PRECITION__catalog_placeholder_v1__4e8be262.jpg,products/honeywell/PRECITION.jpg,dry_run,ok,https://dry-run-bucket.example.com/products/honeywell/PRECITION.jpg,81,
PROFI-O,Honeywell,D:\BIRETOS\projects\biretos-automation\downloads\photos_enhanced\PROFI-O__catalog_placeholder_v1__bdd233dd.jpg,products/honeywell/PROFI-O.jpg,dry_run,ok,https://dry-run-bucket.example.com/products/honeywell/PROFI-O.jpg,69,
PTSRB0101V3,Honeywell,D:\BIRETOS\projects\biretos-automation\downloads\photos_enhanced\PTSRB0101V3__catalog_placeholder_v1__e4dd4bd3.jpg,products/honeywell/PTSRB0101V3.jpg,dry_run,ok,https://dry-run-bucket.example.com/products/honeywell/PTSRB0101V3.jpg,108,
PW5K1ENC3E,Honeywell,D:\BIRETOS\projects\biretos-automation\downloads\photos_enhanced\PW5K1ENC3E__catalog_placeholder_v1__c81b82cc.jpg,products/honeywell/PW5K1ENC3E.jpg,dry_run,ok,https://dry-run-bucket.example.com/products/honeywell/PW5K1ENC3E.jpg,179,
R4343E1048-ST005,Honeywell,D:\BIRETOS\projects\biretos-automation\downloads\photos_enhanced\R4343E1048-ST005__catalog_placeholder_v1__b1508572.jpg,products/honeywell/R4343E1048-ST005.jpg,dry_run,ok,https://dry-run-bucket.example.com/products/honeywell/R4343E1048-ST005.jpg,105,
RA100Z,Honeywell,D:\BIRETOS\projects\biretos-automation\downloads\photos_enhanced\RA100Z__catalog_placeholder_v1__6cd87e79.jpg,products/honeywell/RA100Z.jpg,dry_run,ok,https://dry-run-bucket.example.com/products/honeywell/RA100Z.jpg,179,
RDU300504,Honeywell,D:\BIRETOS\projects\biretos-automation\downloads\photos_enhanced\RDU300504__catalog_placeholder_v1__34ed4011.jpg,products/honeywell/RDU300504.jpg,dry_run,ok,https://dry-run-bucket.example.com/products/honeywell/RDU300504.jpg,100,
RIC-F-BLNK-01,Honeywell,D:\BIRETOS\projects\biretos-automation\downloads\photos_enhanced\RIC-F-BLNK-01__catalog_placeholder_v1__32fb641b.jpg,products/honeywell/RIC-F-BLNK-01.jpg,dry_run,ok,https://dry-run-bucket.example.com/products/honeywell/RIC-F-BLNK-01.jpg,51,
RIC-F-LCU24-01C,Honeywell,D:\BIRETOS\projects\biretos-automation\downloads\photos_enhanced\RIC-F-LCU24-01C__catalog_placeholder_v1__8c47947c.jpg,products/honeywell/RIC-F-LCU24-01C.jpg,dry_run,ok,https://dry-run-bucket.example.com/products/honeywell/RIC-F-LCU24-01C.jpg,104,
RMK400AP-IV,Honeywell,D:\BIRETOS\projects\biretos-automation\downloads\photos_enhanced\RMK400AP-IV__catalog_placeholder_v1__8ff68208.jpg,products/honeywell/RMK400AP-IV.jpg,dry_run,ok,https://dry-run-bucket.example.com/products/honeywell/RMK400AP-IV.jpg,131,
ROL15-2761-04,Honeywell,D:\BIRETOS\projects\biretos-automation\downloads\photos_enhanced\ROL15-2761-04__catalog_placeholder_v1__3617ed2c.jpg,products/honeywell/ROL15-2761-04.jpg,dry_run,ok,https://dry-run-bucket.example.com/products/honeywell/ROL15-2761-04.jpg,78,
S0324-2POS-SW1,Honeywell,D:\BIRETOS\projects\biretos-automation\downloads\photos_enhanced\S0324-2POS-SW1__catalog_placeholder_v1__9592abea.jpg,products/honeywell/S0324-2POS-SW1.jpg,dry_run,ok,https://dry-run-bucket.example.com/products/honeywell/S0324-2POS-SW1.jpg,197,
S05230-2POS,Honeywell,D:\BIRETOS\projects\biretos-automation\downloads\photos_enhanced\S05230-2POS__catalog_placeholder_v1__99effbb4.jpg,products/honeywell/S05230-2POS.jpg,dry_run,ok,https://dry-run-bucket.example.com/products/honeywell/S05230-2POS.jpg,140,
SC-SCDUPLEX9_125-1,Honeywell,D:\BIRETOS\projects\biretos-automation\downloads\photos_enhanced\SC-SCDUPLEX9_125-1__catalog_placeholder_v1__3c0e6937.jpg,products/honeywell/SC-SCDUPLEX9_125-1.jpg,dry_run,ok,https://dry-run-bucket.example.com/products/honeywell/SC-SCDUPLEX9_125-1.jpg,218,
SC-SCDUPLEX9_125-2,Honeywell,D:\BIRETOS\projects\biretos-automation\downloads\photos_enhanced\SC-SCDUPLEX9_125-2__catalog_placeholder_v1__3c0e6937.jpg,products/honeywell/SC-SCDUPLEX9_125-2.jpg,dry_run,ok,https://dry-run-bucket.example.com/products/honeywell/SC-SCDUPLEX9_125-2.jpg,218,
SC-SCDUPLEX9_125-5,Honeywell,D:\BIRETOS\projects\biretos-automation\downloads\photos_enhanced\SC-SCDUPLEX9_125-5__catalog_placeholder_v1__3c0e6937.jpg,products/honeywell/SC-SCDUPLEX9_125-5.jpg,dry_run,ok,https://dry-run-bucket.example.com/products/honeywell/SC-SCDUPLEX9_125-5.jpg,218,
SCDUPLEX9_125-10,Honeywell,D:\BIRETOS\projects\biretos-automation\downloads\photos_enhanced\SCDUPLEX9_125-10__catalog_placeholder_v1__5263248c.jpg,products/honeywell/SCDUPLEX9_125-10.jpg,dry_run,ok,https://dry-run-bucket.example.com/products/honeywell/SCDUPLEX9_125-10.jpg,96,
SCDUPLEX9_125-15,Honeywell,D:\BIRETOS\projects\biretos-automation\downloads\photos_enhanced\SCDUPLEX9_125-15__catalog_placeholder_v1__6a116d37.jpg,products/honeywell/SCDUPLEX9_125-15.jpg,dry_run,ok,https://dry-run-bucket.example.com/products/honeywell/SCDUPLEX9_125-15.jpg,180,
SF00-B54,Honeywell,D:\BIRETOS\projects\biretos-automation\downloads\photos_enhanced\SF00-B54__catalog_placeholder_v1__f0d7a59a.jpg,products/honeywell/SF00-B54.jpg,dry_run,ok,https://dry-run-bucket.example.com/products/honeywell/SF00-B54.jpg,140,
SM-0.9-SC-UPC-1.5,Honeywell,D:\BIRETOS\projects\biretos-automation\downloads\photos_enhanced\SM-0.9-SC-UPC-1.5__catalog_placeholder_v1__889fb554.jpg,products/honeywell/SM-0.9-SC-UPC-1.5.jpg,dry_run,ok,https://dry-run-bucket.example.com/products/honeywell/SM-0.9-SC-UPC-1.5.jpg,210,
SNR-RMB-1UC,Honeywell,D:\BIRETOS\projects\biretos-automation\downloads\photos_enhanced\SNR-RMB-1UC__catalog_placeholder_v1__d47d1000.jpg,products/honeywell/SNR-RMB-1UC.jpg,dry_run,ok,https://dry-run-bucket.example.com/products/honeywell/SNR-RMB-1UC.jpg,178,
T7460A1018,Honeywell,D:\BIRETOS\projects\biretos-automation\downloads\photos_enhanced\T7460A1018__catalog_placeholder_v1__13a29c2b.jpg,products/honeywell/T7460A1018.jpg,dry_run,ok,https://dry-run-bucket.example.com/products/honeywell/T7460A1018.jpg,121,
T7560B1008,Honeywell,D:\BIRETOS\projects\biretos-automation\downloads\photos_enhanced\T7560B1008__catalog_placeholder_v1__03bb5610.jpg,products/honeywell/T7560B1008.jpg,dry_run,ok,https://dry-run-bucket.example.com/products/honeywell/T7560B1008.jpg,266,
TPPR-V-1030,Honeywell,D:\BIRETOS\projects\biretos-automation\downloads\photos_enhanced\TPPR-V-1030__catalog_placeholder_v1__735d2ad3.jpg,products/honeywell/TPPR-V-1030.jpg,dry_run,ok,https://dry-run-bucket.example.com/products/honeywell/TPPR-V-1030.jpg,136,
TRAY-3,Honeywell,D:\BIRETOS\projects\biretos-automation\downloads\photos_enhanced\TRAY-3__catalog_placeholder_v1__81965ffa.jpg,products/honeywell/TRAY-3.jpg,dry_run,ok,https://dry-run-bucket.example.com/products/honeywell/TRAY-3.jpg,50,
U2410F,Honeywell,D:\BIRETOS\projects\biretos-automation\downloads\photos_enhanced\U2410F__catalog_placeholder_v1__ca42c05e.jpg,products/honeywell/U2410F.jpg,dry_run,ok,https://dry-run-bucket.example.com/products/honeywell/U2410F.jpg,147,
V5011R1000,Honeywell,D:\BIRETOS\projects\biretos-automation\downloads\photos_enhanced\V5011R1000__catalog_placeholder_v1__21fbb1fc.jpg,products/honeywell/V5011R1000.jpg,dry_run,ok,https://dry-run-bucket.example.com/products/honeywell/V5011R1000.jpg,208,
V5016A1101,Honeywell,D:\BIRETOS\projects\biretos-automation\downloads\photos_enhanced\V5016A1101__catalog_placeholder_v1__21fbb1fc.jpg,products/honeywell/V5016A1101.jpg,dry_run,ok,https://dry-run-bucket.example.com/products/honeywell/V5016A1101.jpg,208,
V5016A1135,Honeywell,D:\BIRETOS\projects\biretos-automation\downloads\photos_enhanced\V5016A1135__catalog_placeholder_v1__21fbb1fc.jpg,products/honeywell/V5016A1135.jpg,dry_run,ok,https://dry-run-bucket.example.com/products/honeywell/V5016A1135.jpg,208,
V5050A1090,Honeywell,D:\BIRETOS\projects\biretos-automation\downloads\photos_enhanced\V5050A1090__catalog_placeholder_v1__013ecec8.jpg,products/honeywell/V5050A1090.jpg,dry_run,ok,https://dry-run-bucket.example.com/products/honeywell/V5050A1090.jpg,203,
V5329A1004,Honeywell,D:\BIRETOS\projects\biretos-automation\downloads\photos_enhanced\V5329A1004__catalog_placeholder_v1__ba031f94.jpg,products/honeywell/V5329A1004.jpg,dry_run,ok,https://dry-run-bucket.example.com/products/honeywell/V5329A1004.jpg,148,
V5329A1046,Honeywell,D:\BIRETOS\projects\biretos-automation\downloads\photos_enhanced\V5329A1046__catalog_placeholder_v1__ba031f94.jpg,products/honeywell/V5329A1046.jpg,dry_run,ok,https://dry-run-bucket.example.com/products/honeywell/V5329A1046.jpg,148,
V5329C1059,Honeywell,D:\BIRETOS\projects\biretos-automation\downloads\photos_enhanced\V5329C1059__catalog_placeholder_v1__81c1ab2b.jpg,products/honeywell/V5329C1059.jpg,dry_run,ok,https://dry-run-bucket.example.com/products/honeywell/V5329C1059.jpg,159,
V5329C1083,Honeywell,D:\BIRETOS\projects\biretos-automation\downloads\photos_enhanced\V5329C1083__catalog_placeholder_v1__81c1ab2b.jpg,products/honeywell/V5329C1083.jpg,dry_run,ok,https://dry-run-bucket.example.com/products/honeywell/V5329C1083.jpg,159,
V5421B1090,Honeywell,D:\BIRETOS\projects\biretos-automation\downloads\photos_enhanced\V5421B1090__catalog_placeholder_v1__c6bb8c9a.jpg,products/honeywell/V5421B1090.jpg,dry_run,ok,https://dry-run-bucket.example.com/products/honeywell/V5421B1090.jpg,141,
VF00-3B65NW,Honeywell,D:\BIRETOS\projects\biretos-automation\downloads\photos_enhanced\VF00-3B65NW__catalog_placeholder_v1__79388008.jpg,products/honeywell/VF00-3B65NW.jpg,dry_run,ok,https://dry-run-bucket.example.com/products/honeywell/VF00-3B65NW.jpg,81,
VQ450MA1015,Honeywell,D:\BIRETOS\projects\biretos-automation\downloads\photos_enhanced\VQ450MA1015__catalog_placeholder_v1__0b8a68e8.jpg,products/honeywell/VQ450MA1015.jpg,dry_run,ok,https://dry-run-bucket.example.com/products/honeywell/VQ450MA1015.jpg,143,
VQ450MB1006,Honeywell,D:\BIRETOS\projects\biretos-automation\downloads\photos_enhanced\VQ450MB1006__catalog_placeholder_v1__66dbb16f.jpg,products/honeywell/VQ450MB1006.jpg,dry_run,ok,https://dry-run-bucket.example.com/products/honeywell/VQ450MB1006.jpg,187,
VR420AB1002-0000,Honeywell,D:\BIRETOS\projects\biretos-automation\downloads\photos_enhanced\VR420AB1002-0000__catalog_placeholder_v1__dde154e0.jpg,products/honeywell/VR420AB1002-0000.jpg,dry_run,ok,https://dry-run-bucket.example.com/products/honeywell/VR420AB1002-0000.jpg,169,
VR420VA1004-0000,Honeywell,D:\BIRETOS\projects\biretos-automation\downloads\photos_enhanced\VR420VA1004-0000__catalog_placeholder_v1__f8eb582f.jpg,products/honeywell/VR420VA1004-0000.jpg,dry_run,ok,https://dry-run-bucket.example.com/products/honeywell/VR420VA1004-0000.jpg,135,
VSOF-320-4.0,Honeywell,D:\BIRETOS\projects\biretos-automation\downloads\photos_enhanced\VSOF-320-4.0__catalog_placeholder_v1__c51b566d.jpg,products/honeywell/VSOF-320-4.0.jpg,dry_run,ok,https://dry-run-bucket.example.com/products/honeywell/VSOF-320-4.0.jpg,321,
WD19DCS,Honeywell,D:\BIRETOS\projects\biretos-automation\downloads\photos_enhanced\WD19DCS__catalog_placeholder_v1__9a2f4414.jpg,products/honeywell/WD19DCS.jpg,dry_run,ok,https://dry-run-bucket.example.com/products/honeywell/WD19DCS.jpg,165,
X-MAP4P,Honeywell,D:\BIRETOS\projects\biretos-automation\downloads\photos_enhanced\X-MAP4P__catalog_placeholder_v1__bcab5a04.jpg,products/honeywell/X-MAP4P.jpg,dry_run,ok,https://dry-run-bucket.example.com/products/honeywell/X-MAP4P.jpg,227,
XFLR824A,Honeywell,D:\BIRETOS\projects\biretos-automation\downloads\photos_enhanced\XFLR824A__catalog_placeholder_v1__379c316e.jpg,products/honeywell/XFLR824A.jpg,dry_run,ok,https://dry-run-bucket.example.com/products/honeywell/XFLR824A.jpg,443,
XJ1-00-07000000,Honeywell,D:\BIRETOS\projects\biretos-automation\downloads\photos_enhanced\XJ1-00-07000000__catalog_placeholder_v1__36511f40.jpg,products/honeywell/XJ1-00-07000000.jpg,dry_run,ok,https://dry-run-bucket.example.com/products/honeywell/XJ1-00-07000000.jpg,86,
XNX-RMAV-RNNNN,Honeywell,D:\BIRETOS\projects\biretos-automation\downloads\photos_enhanced\XNX-RMAV-RNNNN__catalog_placeholder_v1__5c839e3f.jpg,products/honeywell/XNX-RMAV-RNNNN.jpg,dry_run,ok,https://dry-run-bucket.example.com/products/honeywell/XNX-RMAV-RNNNN.jpg,179,
